{
    "2021": {
      "25438": {
        "date": "12/05/2021",
        "description": "this is détail",
        "type": "banque"
      },
      "25448": {
        "date": "10/05/2021",
        "description": "this is détail",
        
        "type": "banque"
      },
      "25434": {
        "date": "01/05/2021",
        "description": "this is détail",
        
        "type": "banque"
      },
      "25148": {
        "date": "09/05/2021",
        "description": "this is détail",
        
        "type": "banque"
      }
    },
    "2022": {
      "21438": {
        "date": "01/05/2021",
        "description": "this is détail",
        
        "type": "banque"
      },
      "25948": {
        "date": "11/06/2021",
        "description": "this is détail",
        
        "type": "banque"
      }
    }
  }